continent, region
North America, Alaska
North America, Greenland
North America, Northwest Territory
North America, Alberta
North America, Ontario
North America, Eastern Canada
North America, Western United States
North America, Central America
North America, Eastern United States
South America, Venezuela
South America, Peru
South America, Brazil
South America, Argentina
Africa, North Africa
Africa, Egypt
Africa, East Africa
Africa, Central Africa
Africa, South Africa
Africa, Madagascar
Europe, Iceland
Europe, Great Britain
Europe, Scandinavia
Europe, Western Europe
Europe, Northern Europe
Europe, Russia
Asia, Siberia
Asia, Ural
Asia, Yakutsk
Asia, Kamchatka
Asia, Irkutsk
Asia, Mongolia
Asia, Afghanistan
Asia, Middle East
Asia, Japan
Asia, India
Asia, SouthEast Asia
Asia, China
Australia, Indonesia
Australia, New Guinea
Australia, Eastern Australia
Australia, Western Australia
